{
  "first": {
    "acc_mean": 0.9384684500991156,
    "acc_std": 0.008197455629110192,
    "n_samples": 7687
  },
  "middle": {
    "acc_mean": 0.9352160365090659,
    "acc_std": 0.005861377690019083,
    "n_samples": 7687
  },
  "last": {
    "acc_mean": 0.9297526212971243,
    "acc_std": 0.006103285755611334,
    "n_samples": 7687
  },
  "full": {
    "acc_mean": 0.9352139213657396,
    "acc_std": 0.007012129660164474,
    "n_samples": 7687
  }
}