{
  "0.7": {
    "assistant_phrase_ratio": {
      "T1_0": 0.017051474943309,
      "T0_7": 0.015963320167908985,
      "delta_pct_of_main": -6.381587393570361
    },
    "first_person_density": {
      "T1_0": 0.007499931437935073,
      "T0_7": 0.009788816311659081,
      "delta_pct_of_main": 30.518743973400873
    },
    "refusal_density": {
      "T1_0": 0.006481927233699433,
      "T0_7": 0.0018662748986742722,
      "delta_pct_of_main": -71.20802453672205
    },
    "hedging_density": {
      "T1_0": 0.006194290714232807,
      "T0_7": 0.00459068482992785,
      "delta_pct_of_main": -25.88845048264048
    },
    "ttr": {
      "T1_0": 0.639608618334237,
      "T0_7": 0.3298216045357404,
      "delta_pct_of_main": -48.433839838695356
    },
    "mean_sentence_length": {
      "T1_0": 60.565872867336914,
      "T0_7": 95.40725038782855,
      "delta_pct_of_main": 57.52641854400078
    },
    "n_words": {
      "T1_0": 291.1786949779315,
      "T0_7": 253.58762886597938,
      "delta_pct_of_main": -12.909964485829281
    }
  },
  "1.3": {
    "assistant_phrase_ratio": {
      "T1_0": 0.017051474943309,
      "T1_3": 0.008985107596981356,
      "delta_pct_of_main": -47.30598011694518
    },
    "first_person_density": {
      "T1_0": 0.007499931437935073,
      "T1_3": 0.0035191869970696205,
      "delta_pct_of_main": -53.07707775474619
    },
    "refusal_density": {
      "T1_0": 0.006481927233699433,
      "T1_3": 0.006716671088049482,
      "delta_pct_of_main": 3.621513261204469
    },
    "hedging_density": {
      "T1_0": 0.006194290714232807,
      "T1_3": 0.003478551984631474,
      "delta_pct_of_main": -43.84261015327064
    },
    "ttr": {
      "T1_0": 0.639608618334237,
      "T1_3": 0.8812579405222115,
      "delta_pct_of_main": 37.78081083668217
    },
    "mean_sentence_length": {
      "T1_0": 60.565872867336914,
      "T1_3": 43.67294701459666,
      "delta_pct_of_main": -27.89182266016773
    },
    "n_words": {
      "T1_0": 291.1786949779315,
      "T1_3": 306.1514506254991,
      "delta_pct_of_main": 5.142119222940523
    }
  },
  "classifier": {
    "0.7": [
      0.7470540840645651,
      0.025670001156133625
    ],
    "1.0": [
      0.7739469703115149,
      0.010095870708257777
    ],
    "1.3": [
      0.8826157322152024,
      0.009241379956190787
    ]
  }
}